id,title,idx,ratingClass,difficulty,chart_path,audio_path,chart_present,audio_present,required_missing,included_offline,remote_dl,purchase,world_unlock,hidden_until
sayonarahatsukoi,Sayonara Hatsukoi,0,0,PST,assets/songs/sayonarahatsukoi/0.aff,assets/songs/sayonarahatsukoi/base.ogg,True,True,[],True,False,,False,
sayonarahatsukoi,Sayonara Hatsukoi,0,1,PRS,assets/songs/sayonarahatsukoi/1.aff,assets/songs/sayonarahatsukoi/base.ogg,True,True,[],True,False,,False,
sayonarahatsukoi,Sayonara Hatsukoi,0,2,FTR,assets/songs/sayonarahatsukoi/2.aff,assets/songs/sayonarahatsukoi/base.ogg,True,True,[],True,False,,False,
sayonarahatsukoi,Sayonara Hatsukoi,0,4,ETR,assets/songs/sayonarahatsukoi/4.aff,assets/songs/sayonarahatsukoi/base.ogg,True,True,[],True,False,,False,
lostcivilization,Lost Civilization,1,0,PST,assets/songs/lostcivilization/0.aff,assets/songs/lostcivilization/base.ogg,True,True,[],True,False,,False,
lostcivilization,Lost Civilization,1,1,PRS,assets/songs/lostcivilization/1.aff,assets/songs/lostcivilization/base.ogg,True,True,[],True,False,,False,
lostcivilization,Lost Civilization,1,2,FTR,assets/songs/lostcivilization/2.aff,assets/songs/lostcivilization/base.ogg,True,True,[],True,False,,False,
rise,Rise,4,0,PST,assets/songs/rise/0.aff,assets/songs/rise/base.ogg,True,True,[],True,False,,False,
rise,Rise,4,1,PRS,assets/songs/rise/1.aff,assets/songs/rise/base.ogg,True,True,[],True,False,,False,
rise,Rise,4,2,FTR,assets/songs/rise/2.aff,assets/songs/rise/base.ogg,True,True,[],True,False,,False,
fairytale,Fairytale,6,0,PST,assets/songs/fairytale/0.aff,assets/songs/fairytale/base.ogg,True,True,[],True,False,,False,
fairytale,Fairytale,6,1,PRS,assets/songs/fairytale/1.aff,assets/songs/fairytale/base.ogg,True,True,[],True,False,,False,
fairytale,Fairytale,6,2,FTR,assets/songs/fairytale/2.aff,assets/songs/fairytale/base.ogg,True,True,[],True,False,,False,
snowwhite,Snow White,10,0,PST,assets/songs/snowwhite/0.aff,assets/songs/snowwhite/base.ogg,True,True,[],True,False,,False,
snowwhite,Snow White,10,1,PRS,assets/songs/snowwhite/1.aff,assets/songs/snowwhite/base.ogg,True,True,[],True,False,,False,
snowwhite,Snow White,10,2,FTR,assets/songs/snowwhite/2.aff,assets/songs/snowwhite/base.ogg,True,True,[],True,False,,False,
shadesoflight,Shades of Light in a Transcendent Realm,12,0,PST,assets/songs/shadesoflight/0.aff,assets/songs/shadesoflight/base.ogg,True,True,[],True,False,,False,
shadesoflight,Shades of Light in a Transcendent Realm,12,1,PRS,assets/songs/shadesoflight/1.aff,assets/songs/shadesoflight/base.ogg,True,True,[],True,False,,False,
shadesoflight,Shades of Light in a Transcendent Realm,12,2,FTR,assets/songs/shadesoflight/2.aff,assets/songs/shadesoflight/base.ogg,True,True,[],True,False,,False,
vexaria,Vexaria,13,0,PST,assets/songs/vexaria/0.aff,assets/songs/vexaria/base.ogg,True,True,[],True,False,,False,
vexaria,Vexaria,13,1,PRS,assets/songs/vexaria/1.aff,assets/songs/vexaria/base.ogg,True,True,[],True,False,,False,
vexaria,Vexaria,13,2,FTR,assets/songs/vexaria/2.aff,assets/songs/vexaria/base.ogg,True,True,[],True,False,,False,
dement,Dement ~after legend~,19,0,PST,assets/songs/dement/0.aff,assets/songs/dement/base.ogg,True,True,[],True,False,,False,
dement,Dement ~after legend~,19,1,PRS,assets/songs/dement/1.aff,assets/songs/dement/base.ogg,True,True,[],True,False,,False,
dement,Dement ~after legend~,19,2,FTR,assets/songs/dement/2.aff,assets/songs/dement/base.ogg,True,True,[],True,False,,False,
dandelion,Dandelion,20,0,PST,assets/songs/dandelion/0.aff,assets/songs/dandelion/base.ogg,True,True,[],True,False,,False,
dandelion,Dandelion,20,1,PRS,assets/songs/dandelion/1.aff,assets/songs/dandelion/base.ogg,True,True,[],True,False,,False,
dandelion,Dandelion,20,2,FTR,assets/songs/dandelion/2.aff,assets/songs/dandelion/base.ogg,True,True,[],True,False,,False,
infinityheaven,Infinity Heaven,22,0,PST,assets/songs/infinityheaven/0.aff,assets/songs/infinityheaven/base.ogg,True,True,[],True,False,,False,
infinityheaven,Infinity Heaven,22,1,PRS,assets/songs/infinityheaven/1.aff,assets/songs/infinityheaven/base.ogg,True,True,[],True,False,,False,
infinityheaven,Infinity Heaven,22,2,FTR,assets/songs/infinityheaven/2.aff,assets/songs/infinityheaven/base.ogg,True,True,[],True,False,,False,
brandnewworld,Brand new world,28,0,PST,assets/songs/brandnewworld/0.aff,assets/songs/brandnewworld/base.ogg,True,True,[],True,False,,False,
brandnewworld,Brand new world,28,1,PRS,assets/songs/brandnewworld/1.aff,assets/songs/brandnewworld/base.ogg,True,True,[],True,False,,False,
brandnewworld,Brand new world,28,2,FTR,assets/songs/brandnewworld/2.aff,assets/songs/brandnewworld/base.ogg,True,True,[],True,False,,False,
chronostasis,Chronostasis,32,0,PST,assets/songs/chronostasis/0.aff,assets/songs/chronostasis/base.ogg,True,True,[],True,False,,False,
chronostasis,Chronostasis,32,1,PRS,assets/songs/chronostasis/1.aff,assets/songs/chronostasis/base.ogg,True,True,[],True,False,,False,
chronostasis,Chronostasis,32,2,FTR,assets/songs/chronostasis/2.aff,assets/songs/chronostasis/base.ogg,True,True,[],True,False,,False,
clotho,Clotho and the stargazer,39,0,PST,assets/songs/clotho/0.aff,assets/songs/clotho/base.ogg,True,True,[],True,False,,False,
clotho,Clotho and the stargazer,39,1,PRS,assets/songs/clotho/1.aff,assets/songs/clotho/base.ogg,True,True,[],True,False,,False,
clotho,Clotho and the stargazer,39,2,FTR,assets/songs/clotho/2.aff,assets/songs/clotho/base.ogg,True,True,[],True,False,,False,
clotho,Clotho and the stargazer,39,4,ETR,assets/songs/clotho/4.aff,assets/songs/clotho/base.ogg,True,True,[],True,False,,False,
onelastdrive,One Last Drive,59,0,PST,assets/songs/onelastdrive/0.aff,assets/songs/onelastdrive/base.ogg,True,True,[],True,False,,False,
onelastdrive,One Last Drive,59,1,PRS,assets/songs/onelastdrive/1.aff,assets/songs/onelastdrive/base.ogg,True,True,[],True,False,,False,
onelastdrive,One Last Drive,59,2,FTR,assets/songs/onelastdrive/2.aff,assets/songs/onelastdrive/base.ogg,True,True,[],True,False,,False,
reinvent,Reinvent,68,0,PST,assets/songs/reinvent/0.aff,assets/songs/reinvent/base.ogg,True,True,[],True,False,,False,
reinvent,Reinvent,68,1,PRS,assets/songs/reinvent/1.aff,assets/songs/reinvent/base.ogg,True,True,[],True,False,,False,
reinvent,Reinvent,68,2,FTR,assets/songs/reinvent/2.aff,assets/songs/reinvent/base.ogg,True,True,[],True,False,,False,
inkarusi,inkar-usi,81,0,PST,assets/songs/inkarusi/0.aff,assets/songs/inkarusi/base.ogg,True,True,[],True,False,,False,
inkarusi,inkar-usi,81,1,PRS,assets/songs/inkarusi/1.aff,assets/songs/inkarusi/base.ogg,True,True,[],True,False,,False,
inkarusi,inkar-usi,81,2,FTR,assets/songs/inkarusi/2.aff,assets/songs/inkarusi/base.ogg,True,True,[],True,False,,False,
purgatorium,Purgatorium,95,0,PST,assets/songs/purgatorium/0.aff,assets/songs/purgatorium/base.ogg,True,True,[],True,False,,False,
purgatorium,Purgatorium,95,1,PRS,assets/songs/purgatorium/1.aff,assets/songs/purgatorium/base.ogg,True,True,[],True,False,,False,
purgatorium,Purgatorium,95,2,FTR,assets/songs/purgatorium/2.aff,assets/songs/purgatorium/base.ogg,True,True,[],True,False,,False,
grimheart,Grimheart,119,0,PST,assets/songs/grimheart/0.aff,assets/songs/grimheart/base.ogg,True,True,[],True,False,,False,
grimheart,Grimheart,119,1,PRS,assets/songs/grimheart/1.aff,assets/songs/grimheart/base.ogg,True,True,[],True,False,,False,
grimheart,Grimheart,119,2,FTR,assets/songs/grimheart/2.aff,assets/songs/grimheart/base.ogg,True,True,[],True,False,,False,
senkyou,Senkyou,142,0,PST,assets/songs/senkyou/0.aff,assets/songs/senkyou/base.ogg,True,True,[],True,False,,False,
senkyou,Senkyou,142,1,PRS,assets/songs/senkyou/1.aff,assets/songs/senkyou/base.ogg,True,True,[],True,False,,False,
senkyou,Senkyou,142,2,FTR,assets/songs/senkyou/2.aff,assets/songs/senkyou/base.ogg,True,True,[],True,False,,False,
worldexecuteme,world.execute(me);,150,0,PST,assets/songs/worldexecuteme/0.aff,assets/songs/worldexecuteme/base.ogg,True,True,[],True,False,,False,
worldexecuteme,world.execute(me);,150,1,PRS,assets/songs/worldexecuteme/1.aff,assets/songs/worldexecuteme/base.ogg,True,True,[],True,False,,False,
worldexecuteme,world.execute(me);,150,2,FTR,assets/songs/worldexecuteme/2.aff,assets/songs/worldexecuteme/base.ogg,True,True,[],True,False,,False,
oblivia,Oblivia,152,0,PST,assets/songs/oblivia/0.aff,assets/songs/oblivia/base.ogg,True,True,[],True,False,,False,
oblivia,Oblivia,152,1,PRS,assets/songs/oblivia/1.aff,assets/songs/oblivia/base.ogg,True,True,[],True,False,,False,
oblivia,Oblivia,152,2,FTR,assets/songs/oblivia/2.aff,assets/songs/oblivia/base.ogg,True,True,[],True,False,,False,
arcahv,Arcahv,161,0,PST,assets/songs/arcahv/0.aff,assets/songs/arcahv/base.ogg,True,True,[],True,False,vs,True,difficulty
arcahv,Arcahv,161,1,PRS,assets/songs/arcahv/1.aff,assets/songs/arcahv/base.ogg,True,True,[],True,False,vs,True,difficulty
arcahv,Arcahv,161,2,FTR,assets/songs/arcahv/2.aff,assets/songs/arcahv/base.ogg,True,True,[],True,False,vs,True,difficulty
sakurafubuki,Sakura Fubuki,255,0,PST,assets/songs/sakurafubuki/0.aff,assets/songs/sakurafubuki/base.ogg,True,True,[],True,False,,False,
sakurafubuki,Sakura Fubuki,255,1,PRS,assets/songs/sakurafubuki/1.aff,assets/songs/sakurafubuki/base.ogg,True,True,[],True,False,,False,
sakurafubuki,Sakura Fubuki,255,2,FTR,assets/songs/sakurafubuki/2.aff,assets/songs/sakurafubuki/base.ogg,True,True,[],True,False,,False,
dialnote,Dialnote,293,0,PST,assets/songs/dialnote/0.aff,assets/songs/dialnote/base.ogg,True,True,[],True,False,,False,
dialnote,Dialnote,293,1,PRS,assets/songs/dialnote/1.aff,assets/songs/dialnote/base.ogg,True,True,[],True,False,,False,
dialnote,Dialnote,293,2,FTR,assets/songs/dialnote/2.aff,assets/songs/dialnote/base.ogg,True,True,[],True,False,,False,
remindthesouls,Remind the Souls (Short Version),344,0,PST,assets/songs/remindthesouls/0.aff,assets/songs/remindthesouls/base.ogg,True,True,[],True,False,,False,
remindthesouls,Remind the Souls (Short Version),344,1,PRS,assets/songs/remindthesouls/1.aff,assets/songs/remindthesouls/base.ogg,True,True,[],True,False,,False,
remindthesouls,Remind the Souls (Short Version),344,2,FTR,assets/songs/remindthesouls/2.aff,assets/songs/remindthesouls/base.ogg,True,True,[],True,False,,False,
theformula,The Formula,369,0,PST,assets/songs/theformula/0.aff,assets/songs/theformula/base.ogg,True,True,[],True,False,,False,
theformula,The Formula,369,1,PRS,assets/songs/theformula/1.aff,assets/songs/theformula/base.ogg,True,True,[],True,False,,False,
theformula,The Formula,369,2,FTR,assets/songs/theformula/2.aff,assets/songs/theformula/base.ogg,True,True,[],True,False,,False,
jingle,Jingle,371,0,PST,assets/songs/jingle/0.aff,assets/songs/jingle/base.ogg,True,True,[],True,False,,False,
jingle,Jingle,371,1,PRS,assets/songs/jingle/1.aff,assets/songs/jingle/base.ogg,True,True,[],True,False,,False,
jingle,Jingle,371,2,FTR,assets/songs/jingle/2.aff,assets/songs/jingle/base.ogg,True,True,[],True,False,,False,
jingle,Jingle,371,4,ETR,assets/songs/jingle/4.aff,assets/songs/jingle/base.ogg,True,True,[],True,False,,False,
epicurus,Hidden Rainbows of Epicurus,390,0,PST,assets/songs/epicurus/0.aff,assets/songs/epicurus/base.ogg,True,True,[],True,False,,False,
epicurus,Hidden Rainbows of Epicurus,390,1,PRS,assets/songs/epicurus/1.aff,assets/songs/epicurus/base.ogg,True,True,[],True,False,,False,
epicurus,Hidden Rainbows of Epicurus,390,2,FTR,assets/songs/epicurus/2.aff,assets/songs/epicurus/base.ogg,True,True,[],True,False,,False,
epicurus,Hidden Rainbows of Epicurus,390,4,ETR,assets/songs/epicurus/4.aff,assets/songs/epicurus/base.ogg,True,True,[],True,False,,False,
satisfaction,SATISFACTION,464,0,PST,assets/songs/satisfaction/0.aff,assets/songs/satisfaction/base.ogg,True,True,[],True,False,,False,
satisfaction,SATISFACTION,464,1,PRS,assets/songs/satisfaction/1.aff,assets/songs/satisfaction/base.ogg,True,True,[],True,False,,False,
satisfaction,SATISFACTION,464,2,FTR,assets/songs/satisfaction/2.aff,assets/songs/satisfaction/base.ogg,True,True,[],True,False,,False,
satisfaction,SATISFACTION,464,4,ETR,assets/songs/satisfaction/4.aff,assets/songs/satisfaction/base.ogg,True,True,[],True,False,,False,
dematerialized,Dematerialized,472,0,PST,assets/songs/dematerialized/0.aff,assets/songs/dematerialized/base.ogg,True,True,[],True,False,,False,
dematerialized,Dematerialized,472,1,PRS,assets/songs/dematerialized/1.aff,assets/songs/dematerialized/base.ogg,True,True,[],True,False,,False,
dematerialized,Dematerialized,472,2,FTR,assets/songs/dematerialized/2.aff,assets/songs/dematerialized/base.ogg,True,True,[],True,False,,False,
dematerialized,Dematerialized,472,4,ETR,assets/songs/dematerialized/4.aff,assets/songs/dematerialized/base.ogg,True,True,[],True,False,,False,
caramelpop,Gimme Caramel Popcorn!,519,0,PST,assets/songs/caramelpop/0.aff,assets/songs/caramelpop/base.ogg,True,True,[],True,False,,False,
caramelpop,Gimme Caramel Popcorn!,519,1,PRS,assets/songs/caramelpop/1.aff,assets/songs/caramelpop/base.ogg,True,True,[],True,False,,False,
caramelpop,Gimme Caramel Popcorn!,519,2,FTR,assets/songs/caramelpop/2.aff,assets/songs/caramelpop/base.ogg,True,True,[],True,False,,False,
caramelpop,Gimme Caramel Popcorn!,519,4,ETR,assets/songs/caramelpop/4.aff,assets/songs/caramelpop/base.ogg,True,True,[],True,False,,False,
